date,time,title,description
5/31/2013,7:36:23 PM,magni molestias voluptatem,et optio nihil suscipit voluptatem labore reprehenderit sit est iusto
8/7/2013,10:32:54 AM,explicabo dignissimos consequatur,quaerat facilis culpa et dolorum occaecati doloremque et nemo nesciunt asperiores quidem corrupti qui quos natus praesentium nulla aliquid velit
12/4/2013,8:33:40 AM,error rem qui,pariatur qui ipsum nihil possimus dolorem alias eum rerum rerum rerum magni et fugit est
8/14/2013,4:52:01 AM,eveniet est similique,dolore itaque ipsam alias unde nihil ad consectetur et vitae ut delectus eum distinctio iste voluptatum officia necessitatibus nostrum sed
3/6/2013,4:28:47 AM,rerum mollitia perspiciatis,ea velit doloremque perspiciatis eligendi odio nulla quidem minima ut error doloribus quia sed reiciendis nemo eos
2/12/2013,12:22:09 AM,qui quam fugiat,assumenda quis omnis nihil officia sint voluptate non et iure est consequuntur sed est fuga illum earum
7/23/2013,5:22:30 PM,architecto et nam,voluptatem harum iusto sed unde in qui ipsa atque cumque omnis et est ut a explicabo iusto dolores rem nemo at dolor mollitia
7/17/2013,8:52:30 AM,numquam optio accusantium,est facere quia aliquid perferendis rem aut voluptas in voluptatem optio ut autem voluptas earum totam harum sit voluptas consectetur
8/25/2013,6:06:03 AM,itaque ratione iure,architecto quo corrupti vero adipisci aperiam dolor in maxime pariatur veniam similique iste architecto aut consequatur voluptatum in ullam quas ipsum
4/9/2013,7:50:54 AM,corporis earum tempora,et inventore autem ut aut veritatis fuga tempora consectetur et et nostrum ad ea voluptatum labore est eligendi autem dignissimos repudiandae
8/1/2012,4:44:27 PM,molestiae voluptatum itaque,officiis est est amet blanditiis dolorem recusandae quia voluptate quas qui placeat soluta saepe rerum
1/13/2013,10:54:36 PM,quia id aut,qui quo ea ut dolorem cum quidem cupiditate reprehenderit omnis voluptatum vitae ratione cumque quos
5/20/2014,6:02:39 PM,incidunt rem quo,eum aliquid reiciendis voluptatem officia et maxime ex distinctio facere adipisci optio
8/13/2013,4:40:04 PM,quisquam quae praesentium,inventore ut odio deleniti itaque ut et cum fugit saepe eos quis quasi enim dicta molestiae assumenda sit
10/7/2014,4:51:33 PM,quisquam aut ducimus,eos voluptate explicabo aut quos eos repudiandae et et qui impedit dolores neque pariatur explicabo dolor ut veniam
9/7/2013,3:32:03 PM,repellat quos vel,qui et aut voluptas ipsum tempora occaecati molestiae eius atque est qui aliquam dolorum facere voluptatem totam alias assumenda aut deserunt ipsum
10/4/2014,1:22:04 PM,perspiciatis amet impedit,est quaerat placeat aut sapiente consequatur laborum eum dignissimos enim repudiandae magnam excepturi alias id molestiae fuga
4/8/2013,2:28:02 PM,perspiciatis ut voluptatibus,iste voluptas fuga occaecati accusamus sed aut et quis est eveniet corporis quia exercitationem qui quia inventore autem quo incidunt
3/26/2004,6:52:11 PM,omnis quis voluptas,ipsa incidunt eos rerum eos iste consequuntur in dolor enim quam debitis laudantium omnis tempora quasi
3/4/2002,1:30:25 PM,exercitationem dolorem nemo,doloribus aut impedit ex modi dolore aut optio rem quis accusantium expedita temporibus cum eaque
10/5/2010,11:49:54 PM,veritatis optio at,modi provident mollitia rem est aut id odit tenetur enim corrupti aspernatur
5/26/2012,10:46:14 AM,vero ducimus eum,non consequatur quae velit blanditiis amet assumenda eveniet fuga corrupti qui aut possimus vel est
11/22/2013,4:13:51 PM,et consectetur mollitia,et dolorum voluptas laboriosam et voluptas velit blanditiis soluta quas voluptatum inventore voluptatum pariatur voluptatem quis vel aut
2/8/2014,1:15:41 PM,veritatis officiis ex,nulla voluptatum officia quis ducimus et tempore est molestiae commodi officia maxime velit vel facere totam similique qui
10/23/2004,7:54:13 AM,et vitae tempora,qui exercitationem maiores aut dolore a provident velit quidem quas illum molestias quaerat est est ipsa
10/16/2013,9:56:14 PM,tempore nostrum praesentium,repudiandae ipsa maiores aut exercitationem consequuntur velit deleniti ex omnis et praesentium tempora qui sint est enim dolores officia molestiae autem quae consequatur et
1/11/2013,9:03:30 AM,qui placeat sint,inventore est labore fuga quidem cum aut fugiat quia at consectetur iure distinctio voluptatibus exercitationem qui tenetur est impedit excepturi modi soluta tempora explicabo sit assumenda
3/21/2013,4:27:54 PM,reiciendis esse praesentium,rerum sunt quis tenetur ea voluptas in et earum saepe hic voluptates omnis quisquam cupiditate debitis ad
2/8/2013,5:16:53 AM,et hic earum,incidunt occaecati ut est modi rerum earum facere excepturi nulla maxime veritatis aperiam repellat aut est explicabo ratione
6/11/2013,11:15:50 PM,consequuntur sapiente tenetur,et odio illo est recusandae consequatur et nemo praesentium commodi cumque amet possimus
6/1/2012,2:01:02 AM,sit quam est,illum quia nobis earum quis magnam sit quisquam nobis sed molestiae saepe et voluptas
5/15/2012,10:57:14 PM,quibusdam nesciunt reiciendis,repudiandae perspiciatis occaecati ipsa earum libero est aut ipsam dolor et commodi suscipit qui et sapiente earum
4/25/2014,7:29:11 PM,magni ut aliquam,dolorem quia laboriosam earum commodi explicabo facere voluptas et dicta minus et hic modi non aut est sint architecto quae saepe
8/1/2014,12:42:10 AM,et ratione est,quis quia est velit saepe non mollitia odit quas maiores cum qui dolor quo dicta ut consequatur sunt
8/2/2013,6:53:41 AM,quo alias velit,accusantium quod nam aspernatur est vero quis quisquam sunt nihil est quas quis voluptate possimus repellat suscipit autem itaque molestiae culpa
4/25/2014,5:45:33 AM,nesciunt ad quia,sequi perspiciatis repudiandae aperiam necessitatibus reprehenderit vero aspernatur ea quidem repellat quidem laborum aut id adipisci
12/31/2013,6:14:25 PM,hic sit rerum,corrupti quia laborum sed ea quas quia soluta quis non mollitia eius veniam voluptatem facilis voluptatem temporibus ipsa
5/9/2014,11:10:40 AM,est quaerat rerum,adipisci earum ullam soluta dolores nulla alias recusandae consectetur esse aut aut
3/8/2014,6:27:18 AM,explicabo vel dolores,non excepturi minus doloribus consequatur voluptatem harum quidem dolores voluptas quia unde laboriosam et quia beatae dolores
4/29/2013,11:04:59 AM,iusto repellendus sunt,recusandae quas laboriosam voluptatem nemo voluptas enim quae ut ut consequatur est sequi temporibus ab corrupti exercitationem qui quibusdam nesciunt
11/18/2014,3:39:42 PM,dolorum ullam maxime,sint et deleniti voluptatibus ipsum necessitatibus asperiores aut earum itaque voluptatem aliquid voluptates ut et et quod voluptas qui porro eos
5/29/2011,4:14:16 AM,iusto quia quo,tempora omnis voluptatem soluta quidem debitis amet similique fugiat sint est aut fugit quam voluptatibus omnis quo odio inventore neque quas consequuntur molestias
10/1/2013,2:35:18 AM,delectus quasi omnis,incidunt nihil odit suscipit veniam et quos qui dolore deserunt ut molestiae aut
2/6/1993,7:39:58 AM,reprehenderit quis iusto,temporibus sint quo hic dolor rerum modi dignissimos labore numquam neque perferendis repellendus ex animi est excepturi enim est voluptatem eum
1/5/2013,1:15:32 PM,iure earum autem,sit pariatur vel in sit enim mollitia maiores dicta voluptates eligendi veniam quia amet repellendus ut minima similique
3/11/2014,7:20:40 AM,qui aspernatur eaque,eaque doloribus quisquam enim quia ratione quae quia accusamus culpa voluptatem quibusdam aut velit autem voluptas laborum illo
9/2/2013,5:55:56 PM,ut rerum libero,et qui delectus cum nulla fugit doloribus laborum autem perspiciatis consequatur quae ab eum quis laborum officia tempore qui ipsa
5/9/2013,8:04:06 AM,rerum voluptatibus sint,aut quis architecto consequatur magni fugiat sunt iure culpa perferendis quasi odit repellat fugiat fugit
9/24/2013,7:09:59 PM,ad voluptatem in,id voluptatem pariatur esse provident nisi sapiente sed et mollitia vitae eveniet quisquam ut voluptatem
9/14/2013,1:19:53 PM,quaerat dolores sed,quibusdam qui repellat eum quia est minima voluptatem inventore dolor officiis voluptas ea quam earum
4/11/2010,5:23:37 PM,earum eum pariatur,veniam impedit iure sequi non molestias commodi rem a est et aut enim qui
10/1/2013,9:32:55 AM,ipsum nemo et,earum facilis sit est rerum et nesciunt molestias eos voluptatem
3/15/2013,1:03:25 PM,nam quo repellat,rerum est officiis aspernatur tempore eum suscipit possimus culpa ut voluptates id beatae quia id optio laudantium qui sapiente nihil et
10/5/2011,1:48:29 AM,facere earum nihil,non esse dolores tenetur non et voluptates repellat hic minus cumque commodi sit non quia quae
6/13/2013,2:46:05 PM,Sample Event,pariatur quia nobis porro magnam est minus quis nobis et non est eveniet quia eos labore laborum aut nihil
8/22/2011,4:48:51 PM,quibusdam sint libero,rerum quae et aut aut voluptates aut blanditiis sit quisquam quidem et
9/14/2013,2:38:21 AM,voluptatibus est a,ratione dignissimos impedit consequatur a debitis voluptates deleniti voluptas earum aut sit minima laudantium culpa
8/13/2014,3:59:33 PM,ea accusantium voluptas,consequuntur officiis aut ut optio voluptatum dolores ipsam dolorem voluptas id consequatur et quisquam cumque quis quod molestiae omnis
2/27/2013,7:52:15 AM,vero dolor placeat,autem repudiandae a odit dolorem labore in dignissimos officia eos ipsa alias eius deserunt aperiam quis deleniti mollitia sed sunt impedit delectus
4/13/2013,11:00:29 AM,reprehenderit illo fugit,est vel delectus ullam et dolorem rerum ducimus nulla quisquam cumque iusto modi qui maiores vel voluptates explicabo aut odio
6/29/2013,12:34:36 AM,vitae dolores ea,sunt et sit molestiae ut nobis nulla quibusdam magnam esse blanditiis qui facere est nesciunt hic praesentium odit sint rerum voluptatibus et
7/9/2013,5:37:06 PM,tempora et reiciendis,optio non qui sit sunt quia qui dignissimos deleniti non autem sit asperiores totam vel omnis ex qui quo in recusandae voluptas mollitia
8/18/2013,9:36:00 PM,perspiciatis occaecati repellat,reprehenderit atque voluptatem odit ad pariatur eaque numquam est voluptas optio accusantium possimus omnis adipisci vel perspiciatis voluptate nihil
12/8/2013,5:08:27 AM,quis neque aperiam,non magni aperiam magnam veritatis tempore qui consequatur id quod dolore facilis rerum
2/15/2008,5:01:54 AM,fugiat et deleniti,eum ut nobis impedit ut porro ad et veniam cumque et vel eos et officiis et
10/10/2013,8:14:46 AM,eos quos ut,numquam iste similique vero deserunt cupiditate distinctio a aliquid voluptates iure distinctio accusamus et nam voluptate occaecati
2/4/2013,10:54:54 AM,enim placeat magni,itaque mollitia libero facilis expedita omnis et laudantium blanditiis consequatur nemo dolor occaecati voluptas
5/3/2013,9:19:41 AM,sit itaque nesciunt,voluptatibus cupiditate excepturi aut pariatur deserunt perspiciatis voluptatem fuga et minus ea totam voluptatem molestias ex
4/3/2013,6:34:04 PM,cumque facilis eum,vitae consequatur quisquam in quis quo soluta libero dolor ipsa sequi architecto fuga perspiciatis et repellat voluptatem qui
1/4/2013,8:12:00 AM,molestiae velit laudantium,expedita sed reprehenderit atque architecto quisquam ut rerum voluptatem nesciunt voluptates dicta soluta harum recusandae ut earum tempore tempore quisquam magnam
1/31/2013,9:20:46 PM,temporibus eveniet ea,ea atque non autem enim pariatur quasi reprehenderit molestias ut voluptatem veritatis reprehenderit quae
5/16/2013,11:09:13 AM,id modi qui,voluptatem maxime ut occaecati et maiores non distinctio reiciendis odio eligendi
12/22/2011,7:08:43 PM,quibusdam sit saepe,quia tempore quidem et a enim minima explicabo quo est animi fugit esse ullam nam deserunt voluptates est tempora harum
5/27/2013,8:42:30 AM,voluptas dolor ducimus,iste aut magni neque inventore hic quasi ut quis provident sit occaecati voluptates iure aut reiciendis perspiciatis ut ut
5/24/2012,1:10:34 AM,harum qui ullam,commodi magni quae autem distinctio vero odit praesentium ea numquam quos quae recusandae eveniet voluptas voluptatem harum consectetur quia provident numquam eveniet
12/28/2013,10:32:55 PM,quaerat nam eum,officia aut commodi tempore qui eius quae et repudiandae qui nobis odit dolorum
11/10/2012,3:35:25 AM,et eligendi aut,perspiciatis suscipit rerum hic commodi aspernatur minima quis reprehenderit at id ex consequuntur tenetur vel error corporis eius facilis quos iste voluptas praesentium enim
7/2/2014,8:44:55 PM,sit harum est,repellendus voluptas quis aut quasi minima mollitia perferendis atque iste accusamus officiis nihil nihil sequi corporis est non dicta dolorem aut expedita
8/27/2014,3:47:47 PM,mollitia libero corrupti,et officia id doloremque repellendus vel voluptas aperiam ipsum sunt facere porro eos assumenda
4/17/2004,12:47:34 PM,non doloremque et,quis nihil fugit et qui fuga est qui et et eaque exercitationem saepe earum non sunt maiores non necessitatibus voluptatum cum nobis deleniti
7/10/2014,8:49:29 AM,nisi perspiciatis impedit,doloribus aut quasi omnis atque rerum et dicta reiciendis blanditiis optio nulla asperiores et est aliquid voluptatem
8/29/2014,4:23:24 PM,eum quasi consequatur,adipisci voluptate ut quia delectus possimus quam sint necessitatibus mollitia sunt nostrum quos sed fugit aut quod non aliquid quia
9/28/2013,8:25:36 PM,eos eum et,ad occaecati aut sed est nesciunt maxime eaque architecto aliquid sunt aut blanditiis architecto accusamus
7/27/2014,9:20:11 PM,veritatis hic tenetur,officia qui officiis cupiditate pariatur aut sit amet et voluptatibus dolorem odit sit nulla consequuntur ea non quas et
9/30/2012,10:11:01 AM,sed ullam quaerat,perferendis aut rem ab cumque unde mollitia soluta minus totam aliquam non ducimus deleniti temporibus laboriosam id doloribus quidem vel voluptatem quia
3/12/2014,12:06:34 AM,eum unde exercitationem,nam dolorem laborum vitae aut neque vel sunt et commodi repudiandae veniam velit architecto voluptatibus ad debitis
11/3/2013,7:44:16 PM,sunt modi qui,minus voluptatibus voluptatum sed soluta eveniet quis velit et esse voluptatibus
1/29/2011,2:30:49 AM,pariatur numquam voluptas,minima laudantium vitae perspiciatis ad sed eum necessitatibus dignissimos qui architecto commodi reprehenderit at sit distinctio cumque quam totam suscipit veritatis doloribus dicta dignissimos
1/8/2014,3:38:38 AM,est qui sunt,ullam repellendus et dignissimos numquam est inventore assumenda quia facere repellat perspiciatis modi voluptatibus perferendis iste laboriosam commodi
12/25/2011,7:57:36 AM,est debitis rerum,nesciunt unde quia corrupti sed necessitatibus voluptatem illum quos et cum delectus deserunt quisquam aut provident blanditiis unde a
7/10/2013,5:14:39 AM,vel ut aliquam,repellat animi veniam est ut eum cupiditate qui dolore sunt culpa quasi pariatur quam ut numquam laboriosam enim totam libero
4/12/2013,12:01:08 AM,libero autem alias,tempore officia aut qui omnis voluptate nihil voluptatem dicta est voluptatem et possimus
7/29/2013,5:23:02 AM,inventore rerum omnis,quaerat dolore aspernatur et est adipisci non rerum veniam totam quisquam aspernatur cumque
11/3/2013,11:16:46 AM,aperiam repellat ab,et aperiam impedit eaque praesentium quia vitae voluptatem ipsum recusandae dolores error quis nostrum omnis nemo voluptatem rerum autem ipsa ab nemo nobis atque
10/27/2013,8:22:08 AM,et et eligendi,nihil ratione consectetur sed nesciunt eos ut excepturi distinctio expedita deleniti voluptate et fugit totam occaecati dolorem mollitia
6/28/2013,7:07:16 PM,nisi iste voluptatum,exercitationem explicabo aut eum iusto in aut ut officia error voluptates et veniam nihil nemo maxime id
4/11/2014,8:10:24 PM,consectetur occaecati a,quas consequatur eius nemo eligendi reprehenderit provident aspernatur similique delectus rem quos
10/8/2013,4:28:27 PM,quod quia laboriosam,minima quaerat molestias dignissimos sit molestiae deleniti eum amet saepe consequatur cupiditate quia sint qui dolore aut hic est qui illo consequatur voluptas recusandae
12/1/2013,11:38:14 AM,nam dolore deserunt,accusantium minima quo nisi animi eveniet corporis voluptatem nihil tempora alias et quibusdam iusto facere neque facilis blanditiis corrupti in
3/5/2013,10:21:26 AM,voluptatem quia voluptas,dicta libero repudiandae voluptatem maiores itaque corrupti ullam totam sunt
1/22/2014,11:16:51 PM,cumque sequi inventore,amet atque incidunt aspernatur quasi alias qui porro iste sit quo magnam non est eos corrupti mollitia
8/28/2013,9:58:18 PM,sed voluptatem rem,debitis exercitationem placeat aut quas accusamus a at et eveniet ullam eum sit numquam voluptatem esse
4/3/2013,3:42:49 AM,et amet eum,aut autem sunt voluptatibus veniam eos id ut rerum eos distinctio similique nam ea numquam in illo magni
8/5/2013,8:35:28 AM,temporibus eaque doloremque,qui distinctio ut voluptate velit deserunt corrupti et voluptas assumenda sed possimus placeat est voluptas soluta qui suscipit aliquid voluptatum assumenda
11/4/2013,4:50:39 AM,qui quos error,reiciendis quisquam omnis facilis consectetur voluptatem cum et tempore nisi rem a numquam minima excepturi cupiditate doloremque rerum sint ut velit eaque voluptatum
6/13/2014,11:52:22 AM,occaecati consequatur ipsa,numquam quisquam porro facere quia dolore omnis voluptas quos sed earum qui officia voluptatibus autem voluptatum molestiae voluptatem et aperiam ut
7/16/2013,4:21:05 AM,asperiores ut minima,consequatur vitae libero iusto officiis beatae optio adipisci repellat non voluptas placeat qui mollitia autem laudantium nesciunt necessitatibus tempore
9/21/2014,3:19:53 PM,quas maiores nemo,et quis numquam ut voluptatem nihil perferendis sed repellendus ut officia est autem perspiciatis
2/10/2010,11:49:49 AM,facilis ipsum cupiditate,rem voluptatem sint similique est doloribus consequatur sapiente praesentium recusandae incidunt voluptatem et sed expedita magni inventore quia asperiores
4/24/2014,3:29:59 PM,illum esse qui,voluptatem quasi magni suscipit animi cumque nobis soluta aliquam enim natus dolorem hic et
9/15/2011,6:39:07 AM,et aut vitae,sit accusantium consectetur praesentium eligendi inventore vel sit est consequatur dolor et quis sequi non et
5/9/2013,6:16:48 AM,omnis ut culpa,iusto iure quis sed magnam architecto culpa debitis ratione quo inventore maiores dolore natus ea aut ad sit repellendus suscipit
7/3/2013,6:41:04 AM,nulla ab nobis,fuga sit fugit eveniet reiciendis deserunt quia qui voluptas blanditiis ut quis consectetur eum omnis quidem facilis maxime et iste nisi inventore eligendi incidunt
5/19/2013,4:39:57 AM,quidem non et,magni illum tempore vitae recusandae in et quos tempora et eum aut unde ullam
3/15/2013,9:23:58 PM,et mollitia similique,voluptas enim quia illo aperiam reiciendis animi at qui vitae unde earum assumenda
10/8/2011,11:46:16 AM,numquam et eius,sapiente ut est officia iste maiores sunt voluptas in est qui rerum soluta excepturi quia nam consequuntur doloribus dolores blanditiis quidem
5/17/1993,7:05:29 PM,dolores vero non,in numquam quis est nisi aut et aut quis ab dolorum voluptatem iste aliquid
7/15/2013,6:17:27 PM,deserunt nisi harum,nam voluptatem ea molestias et vel atque non libero est assumenda dolores alias sequi amet
2/23/2011,10:44:38 AM,consequatur laborum hic,dignissimos quidem necessitatibus cupiditate in voluptatem voluptate dolor sint culpa ea dolorem velit sequi voluptatibus ut ut
3/12/2013,12:32:48 AM,debitis aspernatur omnis,sed doloremque consequatur labore id dolorem omnis fugit corporis minus qui nisi quos delectus reiciendis quo debitis sunt
11/27/1993,6:58:14 AM,velit delectus soluta,repudiandae fugiat perspiciatis qui ducimus et dolores vitae blanditiis ut sit amet sint quod nesciunt deserunt fuga officiis
6/7/2014,12:47:14 AM,minima excepturi distinctio,ut mollitia nihil sapiente officia ipsum velit nihil non non nulla quod reiciendis impedit
9/10/2008,9:30:12 AM,quibusdam ea enim,qui non id perspiciatis labore id quae repellat ea distinctio ab eveniet est qui consequatur delectus
6/26/2013,8:07:54 PM,ut in laboriosam,hic nam quos maxime reprehenderit minus ullam dolores voluptas autem aperiam consequuntur eum laboriosam deleniti quaerat ut aperiam neque
1/26/2008,7:13:16 PM,animi accusantium maxime,debitis voluptatem soluta et vero aut quas debitis nostrum ut fugiat iusto deserunt sit aut enim omnis
1/4/2013,8:52:11 PM,omnis dolores inventore,architecto enim aspernatur nobis libero eos animi non praesentium inventore excepturi quis cupiditate sed expedita voluptatem
10/4/2014,3:43:36 AM,voluptate nulla iure,dolorem doloremque et beatae et odio minima eos facilis nisi dolore eius rerum quo deleniti dignissimos odio voluptatem facere voluptatem provident
10/2/2014,10:39:35 AM,sint minima quo,itaque a similique magni et et dolor iure velit laborum nobis error eius
3/13/2013,5:40:09 PM,culpa a nam,quis ab asperiores doloremque omnis non iste sunt placeat sed tenetur aspernatur veritatis dolorem est omnis ut expedita
6/28/2013,9:21:20 AM,magni omnis quidem,suscipit ipsum facere nemo sint repudiandae quis est quas dignissimos est sunt saepe maiores animi blanditiis
12/31/2013,2:44:54 AM,quia id id,similique minus non molestias repellat et amet voluptatibus error sunt vel dolore voluptatem dolores consequatur autem temporibus ex
12/15/2013,8:44:31 PM,repudiandae veniam nostrum,ab quia hic error ut ut tempora omnis est cupiditate incidunt deserunt est non eos quod quaerat facere atque cum error ea deleniti et consequatur
1/11/2013,6:26:39 PM,facilis accusantium aliquam,nulla ut omnis saepe voluptatem a reprehenderit qui dolores iure cumque saepe possimus suscipit quisquam earum ut porro sit et
9/28/1993,11:31:41 PM,enim earum maiores,aliquid consequuntur et molestiae temporibus qui explicabo qui est rerum iure aut qui et
4/8/2013,2:34:05 AM,et quae in,perspiciatis tempora illo quas vel architecto esse sunt quia cupiditate eius voluptatem est molestias consequatur quia et natus praesentium
10/18/2012,2:34:34 AM,placeat illo molestias,labore molestiae voluptas ut et sit sit laborum veniam deleniti molestias velit earum rerum deleniti labore repudiandae explicabo ea ad animi aut
2/10/2011,12:44:58 AM,ea atque dolore,nostrum enim totam quibusdam error ut reprehenderit eligendi veritatis dolorum enim laudantium id vel nihil rerum debitis dolor
8/24/2014,8:52:51 PM,dolorem consequatur distinctio,accusantium tempore veniam est minima fugiat excepturi nostrum et quo dolor libero aut labore
7/8/1993,2:51:02 AM,debitis quaerat natus,quo in quam et vel velit ex et porro esse consectetur voluptatem tempore eaque
7/27/2013,6:11:35 PM,quis fugiat impedit,debitis quos non soluta ad dolorum dolorem ducimus placeat magnam nisi tenetur numquam in nam voluptatem soluta
6/12/2013,9:37:38 PM,reprehenderit quaerat pariatur,provident aut molestias et dolor non officia enim illo nulla ut et temporibus vel perspiciatis omnis sapiente
5/6/2012,3:18:11 AM,delectus iusto consequatur,optio rerum voluptatibus rem rerum enim quia qui recusandae inventore nihil quaerat perferendis ratione culpa quam aut aliquid fugiat
5/19/2014,11:58:01 AM,velit et deserunt,consectetur distinctio veritatis totam deleniti qui tempore non maxime id debitis itaque velit iure ab ipsum voluptatem voluptas
6/13/2014,7:46:36 PM,culpa iste dolor,quae perferendis ea tempore iure est aut qui optio quisquam voluptas iusto accusantium voluptas sunt labore corporis pariatur vitae quia
8/11/2013,7:09:26 PM,quo ut rerum,nam voluptas eligendi non praesentium dolores autem perferendis inventore veritatis odio sit est quis explicabo autem odit vel voluptatem asperiores
2/14/2014,6:05:11 PM,quia aut quibusdam,sint aut et nam nihil dolorem distinctio aliquid sed quae laborum unde assumenda consequatur
5/7/2013,9:51:00 AM,officia nihil eos,dolorum id ipsam exercitationem aut distinctio voluptatem dolor et sint provident et sed odit doloribus recusandae et a laboriosam voluptatem nobis occaecati
3/25/2014,11:51:26 PM,odit expedita molestias,atque repellendus aperiam qui quia at saepe ratione omnis quia qui eius veniam voluptates quibusdam nulla
11/21/2014,6:35:33 PM,enim ex quae,sunt pariatur labore dolorem similique repellat qui sed facilis perferendis quasi optio numquam molestiae qui dolorum consequuntur nulla exercitationem voluptatum sint iure consequatur
4/3/2013,3:13:43 AM,nisi deleniti et,sunt aliquam voluptas tempore odit voluptas omnis sunt sapiente odit perspiciatis et at dolorem dolor
4/27/2014,4:56:32 PM,illum autem quis,vitae debitis velit quia debitis velit enim ut molestiae deleniti ducimus excepturi minima cupiditate vitae autem earum
1/9/2012,9:55:06 AM,magnam ea architecto,sunt animi debitis repudiandae similique fugiat dolor dolores optio sit accusamus occaecati voluptatem sed ea qui quos
12/2/2013,12:40:12 PM,laboriosam et qui,ex dolorem fugiat praesentium rem rerum eaque perspiciatis sit et mollitia inventore aperiam sed odio impedit harum id at qui
10/7/2013,9:02:54 PM,repellat harum expedita,eaque aut magnam eveniet ut quo quam voluptatem dolorem consequuntur qui eligendi itaque ullam est deserunt nobis repellendus doloremque debitis iure aut dolorem ullam sed
12/5/2014,1:15:39 PM,repellat fuga delectus,maiores nostrum cupiditate enim ut numquam at reiciendis nesciunt magnam soluta nihil nesciunt reiciendis doloribus possimus dignissimos aut aut
7/22/2013,4:36:00 PM,libero et occaecati,qui ut porro adipisci veritatis tempore aut aut a sunt facere incidunt optio quibusdam enim illum dolores dolore ea culpa eveniet aut
10/25/2012,3:08:19 PM,expedita dolores quidem,ea nobis molestiae dolor temporibus praesentium debitis minima officia ut aspernatur rem et sequi dolores velit recusandae
10/30/2013,8:18:46 AM,omnis aperiam non,eligendi voluptatem cupiditate quisquam ut harum magnam libero provident corrupti dolorem rerum eligendi repudiandae perferendis consequatur ea amet enim
7/24/2014,8:36:53 PM,et magni ut,aut ab vel maiores blanditiis deserunt quo et officia earum aspernatur nulla voluptatibus quis omnis voluptas fuga omnis nesciunt
8/28/2013,5:04:12 PM,itaque ex quo,deserunt excepturi inventore ad maxime labore eum ipsa quas cum labore est eum asperiores sint ipsa numquam
7/31/2012,11:11:26 PM,non error a,sit vel blanditiis corporis voluptates enim recusandae optio alias veniam possimus aut ut expedita assumenda
2/8/2014,11:41:06 PM,alias quaerat nemo,inventore quidem numquam suscipit eveniet quaerat dolorum dolores aliquid neque
4/23/2012,9:32:02 AM,sapiente ex enim,velit cupiditate et quia doloribus quos dolorem veniam sed voluptas atque rerum itaque esse nesciunt cupiditate est et expedita et
8/20/2014,2:12:45 PM,ipsa sint aut,expedita voluptatem aut est recusandae cumque praesentium fuga aut error reiciendis nihil animi velit vel illo
11/16/2013,8:05:38 PM,cumque rem alias,cupiditate neque minus dolorum beatae ducimus eaque natus eos alias nemo fuga dolor placeat aut distinctio
5/20/2013,9:52:10 AM,maxime est deleniti,sit quibusdam est non id ut sit doloribus assumenda dolorem quia sequi aut consequatur error est ad eveniet et
12/21/2013,7:45:49 PM,omnis temporibus dolor,harum quo sequi repellendus sit libero recusandae pariatur dicta maxime natus enim voluptatem odit sed sunt itaque cupiditate accusantium enim
1/25/2004,1:03:09 PM,praesentium omnis corporis,quae dignissimos facere optio aut est ea possimus deserunt atque tenetur nostrum distinctio necessitatibus qui culpa deserunt reiciendis consectetur
11/20/2014,5:47:36 AM,vel quisquam veniam,aut id adipisci odio velit aut debitis deserunt aut delectus dolor libero assumenda et asperiores non commodi dicta eos explicabo aliquid
2/4/2013,8:03:58 PM,aut inventore aut,sapiente ipsam recusandae sit velit ducimus eveniet qui rerum eligendi minus eveniet odio inventore ab voluptatum sint eveniet molestiae dolor
5/11/2013,4:02:52 PM,impedit libero vero,nisi hic ab ipsa ullam itaque nobis aut animi asperiores modi harum et neque et ea nisi
8/7/2014,7:16:01 AM,earum eveniet incidunt,ipsum reprehenderit sunt dolore nihil ipsa ex pariatur explicabo qui dicta aut voluptatem dolores illum
5/6/2013,5:24:36 AM,id earum laborum,ut rerum debitis veritatis quae sit corporis mollitia corrupti aut aut voluptatem qui eos accusantium sapiente praesentium blanditiis et quis exercitationem illum ea odio
4/27/2013,6:06:03 AM,quibusdam dignissimos velit,nobis necessitatibus hic qui consequatur eius beatae laborum nobis quidem placeat numquam eos ex officia beatae velit
8/31/2013,10:53:35 AM,rerum ducimus et,qui quibusdam accusantium unde sapiente consequatur eos dignissimos rerum dolorem a ullam at qui minima esse illum ut numquam debitis
4/12/2011,4:20:51 AM,ipsa nihil veniam,ipsam aut repellat qui optio aliquid nisi dolorem nihil autem ut in dolorem voluptas rerum quo qui quia
7/12/2014,11:33:07 AM,veritatis facere tempora,ab et et itaque eum velit maiores et consequatur aliquam ducimus vel et voluptatem deserunt maxime magni
1/24/2014,2:31:08 PM,illum vel aut,rerum in id natus sed rerum quia sed optio qui ea quis assumenda sunt ad vel
3/9/1993,8:06:38 AM,molestiae tenetur rerum,beatae ex quia aspernatur inventore at sunt illum voluptatem qui et excepturi
8/27/2011,1:12:36 PM,repellendus laudantium debitis,laudantium id iste id et occaecati sint aut inventore sapiente dicta enim cupiditate quo nemo iusto
10/9/2013,4:30:27 AM,quis ex animi,similique aliquam officia quo exercitationem delectus enim quas quisquam aut voluptatem libero
3/18/2014,2:36:17 AM,voluptatibus rerum cupiditate,dolores perspiciatis et reiciendis minus quia voluptatem non laboriosam cum omnis eum amet harum tempora deleniti error
11/27/2014,2:12:08 AM,et et qui,corrupti laboriosam id rerum dicta impedit distinctio cum numquam nobis ipsum et voluptas necessitatibus ea voluptatem officia doloremque quibusdam quaerat
10/26/2013,6:58:26 PM,ut id esse,sunt aspernatur cumque totam molestiae et sit perspiciatis et totam autem eveniet in est eligendi recusandae et deleniti molestiae magni
3/17/2013,2:00:10 AM,blanditiis quod at,sit nisi voluptatem consequatur eum totam optio nostrum veritatis occaecati sed doloribus
8/4/2014,3:43:34 AM,minima et amet,totam soluta libero voluptates aperiam pariatur inventore nihil sequi a illo temporibus rem illo saepe maiores voluptas dignissimos natus
10/5/2013,6:04:13 PM,sit mollitia omnis,qui perspiciatis aut quo aspernatur et eos non harum magnam sed qui dolorem quod non enim at rerum qui commodi aut
3/21/2013,2:39:46 AM,fugiat sit consequatur,reiciendis officia et vel enim consequatur porro voluptate error ipsa qui consequuntur dolores
4/16/1993,7:30:13 AM,voluptas quod aut,a voluptatum amet rem odit quibusdam praesentium nulla a quas facere dolores aliquam
1/5/2004,3:19:50 PM,reiciendis ab voluptate,deleniti aliquam at ipsam rem eos animi distinctio vitae quia necessitatibus sed aut veniam nulla et sint facilis eligendi animi est
4/6/1993,3:30:52 PM,tempore doloremque consequatur,placeat mollitia temporibus ab rerum unde ratione qui voluptatem occaecati sint ut facere iste sunt velit vel autem delectus
3/1/2013,3:10:19 PM,perferendis quia ipsam,libero explicabo animi adipisci dolore pariatur tempore delectus alias esse quia eos architecto aspernatur perspiciatis accusantium sapiente labore veniam molestias voluptas
5/21/2013,3:23:59 AM,fugit soluta molestias,non ratione corrupti est reiciendis debitis nihil alias voluptas deserunt enim aliquam saepe quia atque ut provident minima impedit
8/21/2012,7:34:25 AM,aliquam incidunt id,ab quis minus pariatur et eveniet praesentium aut mollitia
6/6/2013,9:51:51 PM,voluptates saepe molestiae,eveniet aut placeat voluptates excepturi placeat odit nostrum fugiat itaque saepe repudiandae aperiam quisquam quas velit cum et omnis
3/26/2004,1:32:18 PM,sint officia possimus,modi minima officia deserunt eos tempora reiciendis et harum ut optio laudantium corporis officiis consequatur deserunt nesciunt illum iure
4/24/2012,4:46:45 AM,repellendus id eos,debitis praesentium ipsa numquam sed et neque nihil omnis earum quis molestias excepturi cum
5/28/2004,7:05:20 AM,qui tenetur praesentium,vel eum ipsam ut aliquid libero ut inventore earum aut delectus repellat et ipsam a voluptas et
7/10/2012,6:04:10 PM,a ut unde,quae repellat asperiores iure velit quis aut vero fuga in et ut doloremque sunt expedita sunt commodi debitis impedit reiciendis accusamus optio
12/13/2013,10:31:20 PM,perferendis tempora deserunt,porro necessitatibus aliquam qui repellat molestiae a recusandae qui unde dolores voluptatem debitis qui quia et accusamus quos consequatur praesentium minus numquam rem facilis non eligendi
4/5/2008,9:16:06 AM,sed corporis quis,aut et possimus voluptas et cupiditate et at asperiores et tempora
7/1/2014,3:49:29 AM,quibusdam ut excepturi,laboriosam voluptatem totam fugiat quis eaque voluptas dolorem sunt quidem rerum dolores et similique ipsa corporis est et dolorem iure
8/9/2011,11:58:48 PM,nemo quia laudantium,similique voluptatem enim quo vel numquam tempore vel qui quia assumenda porro rerum qui explicabo est
8/20/2009,8:43:18 PM,quisquam itaque illo,est possimus vel a sit quia deleniti a dolorum in sit omnis quae enim qui ut aliquam repellat tempore nostrum eligendi
9/6/2012,1:06:23 AM,et corrupti est,necessitatibus non molestiae cupiditate error ex at eum et error numquam provident qui modi quidem quis corporis voluptas eveniet voluptatem qui omnis
4/2/2013,11:19:19 AM,odio ab aut,aut beatae aperiam dicta recusandae veniam corrupti eveniet in sed perspiciatis minus ratione expedita quam aut ut aperiam similique fugit magni
5/17/2013,5:10:49 AM,quis exercitationem at,in aliquam totam fugit veniam nemo voluptas voluptate illo consequatur cupiditate maxime id incidunt laborum est quibusdam et distinctio sint at dolor
9/18/2013,12:10:11 PM,sit inventore labore,consequatur sapiente sit vitae doloremque et velit eum enim veritatis voluptas sapiente ratione consequatur voluptas adipisci voluptatibus tempore
10/31/2014,8:43:47 PM,ut sed quas,culpa vitae atque animi voluptate magni nemo non consequatur labore odio aperiam
4/17/2014,7:29:27 AM,fuga quis nostrum,in nemo molestias nulla facilis est pariatur aspernatur totam dolorum doloremque iste quia amet repudiandae eum fugiat eum sit explicabo vel blanditiis
1/5/2013,1:15:28 AM,aut id ratione,dolorem hic aliquam consequatur iusto unde et quasi provident omnis sunt architecto adipisci et natus
3/12/2014,4:38:37 PM,eos et quia,neque explicabo laborum aut autem necessitatibus voluptatem impedit ducimus itaque delectus ipsum eum similique maxime sunt unde et ut aut blanditiis
5/27/2013,11:32:21 PM,cum eos iure,pariatur eaque deserunt nulla accusamus consectetur autem sunt sed eum repudiandae nihil magni incidunt nemo perferendis molestias veniam
8/28/2012,3:47:27 PM,perspiciatis minus perferendis,corrupti autem est quos ut qui sed voluptas molestiae enim et amet sit aperiam non ducimus
2/12/2013,12:52:13 AM,reprehenderit at aut,vel temporibus et accusantium ratione rem quasi quo praesentium fuga eligendi reprehenderit voluptate repellendus quo quidem et veniam officia a distinctio incidunt rerum
9/22/2013,8:34:27 PM,velit et incidunt,doloribus sit cupiditate et ratione libero quaerat dolore esse id hic autem consequatur odit ipsam facere et quam ducimus odit
10/6/2013,10:53:16 AM,consequatur consequuntur nulla,ut aspernatur ea officiis enim ipsam aut consequatur quia est in fugit sit perferendis et explicabo aliquam ut debitis mollitia fugit nam
5/20/2013,6:09:52 AM,dolores sequi neque,expedita reiciendis officiis et est molestiae nesciunt nisi laudantium qui at error magnam nesciunt eum consequatur sequi occaecati doloribus
3/13/2014,3:19:27 AM,distinctio alias repellat,repellendus tempore voluptas voluptatum ipsum ut mollitia magni velit excepturi omnis enim adipisci
1/13/2013,11:31:30 PM,et aut aperiam,ipsa aut molestias corrupti sit porro molestiae accusamus id excepturi animi tempora consequatur qui perferendis non architecto
8/6/2013,9:28:53 PM,enim expedita qui,qui est at mollitia velit dolor et laborum repudiandae a quaerat sed placeat voluptas optio
7/3/2014,3:27:56 PM,a dolorum totam,accusamus et dolores eveniet nihil ullam voluptatem est et dignissimos aut beatae cupiditate rerum omnis
12/15/2013,9:13:58 AM,explicabo tenetur vel,incidunt voluptas debitis consequatur non sed et ipsam sed aut ut dolorum autem omnis nam deleniti aliquam possimus vitae velit nemo ullam
3/15/2013,5:44:29 AM,sequi placeat sunt,occaecati cupiditate est sequi autem voluptas non eum voluptas sunt laboriosam accusamus quas ut eveniet fugit nobis dignissimos voluptas
7/30/2002,4:46:50 AM,fugit at sed,voluptatum fugiat numquam eum illo cupiditate quod non necessitatibus voluptatum aspernatur nihil delectus aut non libero corporis temporibus perspiciatis velit itaque
6/30/2013,9:57:47 PM,consequatur ipsa suscipit,nobis officiis qui repellat blanditiis qui et perferendis tenetur quos nobis rerum et ea iusto deserunt minus officia id necessitatibus corrupti ex
2/28/2013,12:46:23 PM,quisquam repellendus impedit,quod id est ut sed corrupti ut quasi dolores rerum consequatur asperiores aut molestias aperiam sint et nam delectus dolor enim
12/21/2014,6:04:15 AM,ea vel ad,asperiores cupiditate cumque non voluptas non sequi et numquam dolores corrupti aliquam aut suscipit iusto aliquid eum
7/23/2013,8:54:46 AM,molestiae debitis in,et facilis voluptates culpa esse neque sint et ut reiciendis itaque consequatur
11/11/2014,9:13:50 PM,repellat non repudiandae,reprehenderit deserunt nihil est eum dolorum necessitatibus assumenda quod odit inventore voluptas nisi tempore aut omnis
5/17/2012,1:58:02 AM,molestiae non sit,eius laudantium voluptas mollitia modi repudiandae nam eos nobis optio placeat sed tempora similique nam quae quam debitis
5/22/2013,7:07:09 AM,recusandae quos et,atque et dolores autem dicta et eaque dolore sit voluptas aspernatur at nemo eaque dolorum harum quo fugit
5/5/2012,4:00:52 AM,aut impedit qui,illo voluptatibus autem aut rerum qui et numquam sit deleniti omnis perferendis dolore ex omnis placeat odio ipsa aut rerum qui quidem
2/15/2013,7:23:46 PM,ut voluptatem facere,aut veniam sequi blanditiis quidem officia voluptas ut odio in voluptas est possimus voluptatem odio earum voluptate reprehenderit dolor
9/10/2010,5:35:16 PM,itaque qui earum,est inventore doloremque dolorem corrupti quia aut aut laboriosam voluptatem et est incidunt tempore eligendi autem
5/9/2013,9:11:05 AM,ad consequatur nihil,aut tenetur eaque ea quia qui et nisi omnis dolorem maiores doloremque alias aut ut beatae totam aut sed
11/6/2014,12:36:34 PM,vitae ratione quo,illum numquam voluptate aperiam quam est velit tempore alias voluptas a suscipit consectetur quisquam nisi odit
6/15/2013,10:58:20 AM,ea ut et,sit atque molestias optio aut praesentium quod et quae qui deserunt voluptatibus doloremque et qui sed et
4/12/2013,2:40:36 PM,natus omnis voluptatum,maxime fuga temporibus cum incidunt sint dolore impedit natus reiciendis dolore et quidem quia sapiente qui
1/26/2004,9:57:04 AM,tempore sunt aut,eaque voluptatem quo dolores perspiciatis dignissimos nam nihil suscipit perspiciatis qui omnis est distinctio sed error dolor fuga doloremque nesciunt architecto magni ipsa eos
7/18/2012,1:41:23 AM,et explicabo blanditiis,vel reiciendis dolor nulla earum sed excepturi aut quae atque aliquid voluptatem non voluptatem aut id vero distinctio laborum
1/23/2013,2:17:12 AM,minus recusandae nulla,velit sit placeat repellat debitis perspiciatis aliquid totam nam ipsum repellendus fugiat dolorum nihil quasi eius velit quia sunt corrupti fuga alias dolorem
11/4/2013,7:07:36 AM,expedita consequuntur optio,minus dignissimos ea nesciunt veritatis ab rerum sint labore voluptatem assumenda consequatur aspernatur optio esse et quod quisquam dignissimos nulla qui quos voluptatibus
6/19/2013,9:08:03 PM,ratione provident incidunt,aut pariatur necessitatibus occaecati ex aut amet in dolorem sunt non et qui ipsum est enim fugiat quia ullam eum similique
4/16/2012,12:52:36 PM,laudantium in quia,dolores labore est incidunt suscipit dolor iure fuga ducimus sed odio non voluptatum minus laboriosam et omnis harum magnam
6/16/2013,12:51:30 PM,consequuntur unde rerum,facere velit in laborum et et quo veritatis alias architecto nostrum laudantium eum aspernatur nihil velit et reiciendis
12/13/2013,5:49:59 PM,pariatur dignissimos suscipit,eaque architecto doloribus ut veniam perspiciatis saepe ut laudantium optio odit aut maxime sint qui aut sit dolores harum quo eos laudantium adipisci porro
11/14/2014,4:05:29 PM,rem reiciendis quia,praesentium laudantium animi est dolorum eligendi dolor doloribus aut sed natus vitae omnis odit voluptatem ullam necessitatibus minus accusantium repudiandae illum commodi eum
9/27/2013,9:11:04 PM,recusandae veniam et,tempora est qui dolor iusto asperiores vero aut vitae ex nihil ad sit laboriosam sunt qui illum dolor magni rerum et repellat atque dolorem aliquid
3/1/2013,9:24:36 PM,corrupti impedit id,voluptates iure occaecati id hic ratione cupiditate molestias aliquid et est ducimus et nisi laudantium rem provident aut illum quaerat omnis
9/13/2012,2:27:19 PM,reiciendis et aut,beatae voluptas tempora unde distinctio eligendi non non id sed necessitatibus velit qui repellendus ipsum
5/2/2014,2:17:33 AM,placeat autem ad,id dolor voluptate illum alias dolore omnis amet qui temporibus quae quo sint vitae mollitia
4/3/2013,12:11:11 PM,asperiores eaque et,eius dolor sunt voluptas repellat quis repellendus cupiditate asperiores odio qui explicabo unde quia est doloribus culpa doloremque
7/18/2014,2:23:32 AM,dolor eum et,quo et blanditiis vero iusto explicabo est eaque architecto iusto et possimus tempore quae quaerat officiis
5/9/2002,6:54:05 AM,omnis sapiente expedita,dolorem non doloremque architecto qui eveniet earum reiciendis praesentium ea eveniet qui atque voluptatum ut omnis
10/8/2013,4:47:54 AM,ratione sed labore,minima cum soluta veritatis eligendi eos quia atque quasi necessitatibus reprehenderit corrupti quibusdam aut nihil est aliquid cum deserunt repellendus est incidunt cum saepe omnis explicabo ipsum
6/27/2013,12:48:33 PM,harum sit sed,qui sed quidem et omnis maiores mollitia ut qui iure minima exercitationem qui officiis veritatis dolor dolorum ipsum rem nobis
11/14/2013,8:36:12 PM,aut explicabo rerum,ut nemo tempora quia id sunt minima magni quae officiis est et voluptas iure et quis quod in veritatis qui est eveniet
10/17/2013,7:59:21 AM,ex et sit,voluptates esse soluta quod et qui illo adipisci dolor dolores ut sit cumque rem tempore quo
6/21/2011,9:51:12 PM,voluptates quia cupiditate,ratione deleniti ut sunt aut eveniet minima voluptatem dicta corrupti omnis et voluptatum sint ea veniam aut dolore quae officia quo natus
8/10/2012,5:27:07 PM,adipisci itaque fugit,commodi consequatur et quisquam sed magni reiciendis sunt qui soluta aperiam omnis in nihil veniam dicta impedit facilis sed eos inventore
6/15/2013,3:43:09 AM,aperiam aspernatur sed,sit fugit consequatur distinctio et et deserunt id quo voluptas quod ut sint neque iusto eum asperiores
11/20/2004,8:45:03 AM,aut ut dolores,illum aperiam magnam ipsum rerum reprehenderit optio voluptatem ipsam sapiente ut aut necessitatibus a
11/16/2012,8:19:57 PM,error quod atque,voluptate et eveniet suscipit autem tenetur architecto in maxime excepturi
2/25/2012,7:25:15 AM,libero perspiciatis qui,in sint mollitia maiores excepturi veritatis in neque et animi quam fugiat perspiciatis laborum ut tenetur nesciunt voluptates odio
2/17/2013,10:25:34 PM,laboriosam eaque iure,eveniet nemo in harum architecto et labore voluptatem ut veniam doloribus quam rerum voluptate doloribus reprehenderit fuga quae
9/14/2012,9:05:46 PM,iste sit occaecati,aut voluptas quibusdam aliquid architecto numquam odit culpa neque soluta quo error enim illo adipisci
11/10/2013,2:29:37 AM,iste voluptatem deleniti,officia ad nemo et qui earum molestiae distinctio ea quaerat
7/19/2014,4:08:08 AM,temporibus delectus omnis,totam repellat corporis et non odio in esse inventore natus aut id laudantium ut id quo suscipit porro dolor
2/14/2013,12:22:36 AM,sunt nisi voluptates,laboriosam dolores assumenda unde a quas iusto quidem eum illum quisquam rerum aut qui ut sed optio eveniet
4/18/2013,5:32:24 AM,amet magnam aut,aut assumenda dicta eaque alias vero sapiente qui sed nam hic excepturi dolores necessitatibus cum perspiciatis aliquid aut
5/11/2010,6:04:31 PM,modi numquam ex,et consectetur praesentium repellendus velit quaerat voluptate voluptates voluptas eum similique et qui cumque qui molestiae nulla consequuntur id
12/18/2011,2:33:51 AM,ut cum ipsa,et quas magnam ut qui culpa maiores beatae qui omnis non consequatur nostrum ut ducimus iure ut possimus tempora
1/1/2014,10:48:45 PM,et ipsam officiis,saepe culpa nihil voluptate aliquam provident possimus magni quia labore cum dignissimos laborum accusamus repellat vero reprehenderit dolore sunt enim magnam
11/17/2013,1:56:16 AM,ad perspiciatis temporibus,ut reprehenderit id eaque aspernatur impedit voluptatem quo nostrum quia omnis vel odit quod consequatur adipisci cupiditate ut
6/16/2010,12:17:56 AM,illum quas nisi,consequatur neque reprehenderit et aut exercitationem consequuntur dolores deleniti autem eos consequatur odio autem culpa dolores recusandae
5/19/2014,10:16:39 AM,nulla illum nisi,voluptate aperiam corporis ex eum consectetur et ut cum cupiditate est eos reprehenderit nam tempora nobis quae neque magni
9/25/2013,1:08:12 PM,laboriosam quidem dolorem,alias ab expedita rerum aut nesciunt velit cupiditate ab voluptas illum repudiandae omnis autem et laboriosam nihil non ducimus non
7/9/2014,4:20:28 AM,enim fuga esse,velit laudantium dolor ut iure quisquam alias iure reiciendis possimus iste perspiciatis occaecati sed nisi quia non eos modi ex
10/21/2013,8:14:34 PM,qui pariatur autem,expedita qui quia ullam voluptatem suscipit optio occaecati est reiciendis et alias odit architecto saepe nihil qui et
9/8/2013,4:54:15 AM,eos doloremque perferendis,tempora voluptatem velit sed possimus dignissimos ut aut exercitationem id reprehenderit tenetur autem rerum voluptas dignissimos et delectus aut adipisci
12/1/2012,7:24:45 PM,maxime autem iure,expedita et nemo ut molestias qui ipsa dicta enim qui perferendis consequatur fuga facilis
1/9/2002,6:49:40 PM,aut sint ipsa,incidunt dolorem doloremque accusantium ratione eveniet praesentium cum et quis mollitia eaque saepe suscipit hic fugit
2/6/1993,5:33:47 PM,deleniti et mollitia,quisquam omnis accusamus velit dolores ducimus fugiat incidunt explicabo consequatur placeat id eaque et accusantium fugit occaecati sint quo
2/16/2013,9:19:07 AM,maxime maiores illum,et nostrum mollitia suscipit quos voluptas qui deleniti consequatur laborum vitae odio soluta sint enim deserunt
1/10/2014,3:10:16 AM,modi et a,qui eos beatae excepturi corporis esse provident quam iusto qui est earum dolor a et totam ea
3/21/2002,8:44:12 AM,voluptatum quia omnis,culpa provident architecto tempore eum fugiat iure veritatis sit nam omnis officia qui soluta sunt modi
5/6/2013,7:44:17 PM,modi autem laborum,dolorem voluptatum nihil sit velit quos totam ducimus eos numquam aut voluptas suscipit possimus aut nobis eos ipsum omnis quibusdam pariatur distinctio
4/4/2013,7:07:01 AM,provident est officia,numquam necessitatibus asperiores provident et sequi rem non molestiae asperiores omnis velit sed aut aliquid enim
6/2/2013,3:35:12 PM,omnis consectetur in,ut harum unde aut rerum aut vero itaque aperiam voluptas consectetur voluptatibus voluptas velit deleniti
2/14/2009,12:16:21 PM,repudiandae quae et,sed molestiae autem blanditiis harum qui labore quo reiciendis velit omnis distinctio tempora libero minus quidem ut aperiam ab
11/5/2002,6:06:14 AM,quasi earum tempore,ad eos consequuntur ut autem at omnis cupiditate cum doloribus enim sunt ad qui reprehenderit eaque reiciendis similique porro
9/9/2012,6:55:45 PM,unde delectus laboriosam,est aspernatur sequi natus ut dolor pariatur dolore laboriosam et sapiente ex doloremque explicabo aut ratione temporibus voluptates repellendus officiis quidem
9/17/2014,5:56:07 PM,nesciunt nihil et,alias vero cumque cum exercitationem et eveniet voluptatem sit nisi et dolor eos beatae quo eius eligendi perferendis
1/5/2013,10:40:41 AM,distinctio quasi culpa,inventore ad magnam vitae non distinctio eveniet in quia qui velit aut sed quaerat doloribus
2/12/2008,7:46:25 AM,ducimus placeat eligendi,explicabo perferendis velit eaque odit harum ducimus vero ipsam omnis ullam voluptas iure rerum cumque eius consectetur qui aliquid enim sit quia commodi tempora odit
1/5/2011,1:12:36 AM,ipsam facere est,nihil ab labore ut asperiores dolore occaecati aut et et sed enim expedita
10/10/2013,3:52:31 AM,nisi sunt impedit,non quis quam ut sunt accusamus nisi minus quia qui incidunt deserunt velit facere et a harum voluptatem exercitationem repellat est sit
11/25/2011,11:35:08 AM,ipsam quia molestiae,quae quo quas aliquam occaecati nam impedit sed sit voluptatem itaque consequuntur
11/13/2013,9:45:28 AM,rerum cum enim,eaque repellendus omnis et fugit delectus ipsam esse laboriosam voluptates maxime blanditiis
8/12/2009,10:20:58 AM,repellat in totam,eius et ullam enim distinctio aliquam saepe eligendi omnis fugit vel dolores omnis consequuntur officia distinctio voluptas
1/13/2014,2:51:17 AM,delectus officiis vero,quo numquam unde eligendi provident beatae ut et sint explicabo enim ab ea voluptatibus autem cupiditate similique quis qui sit velit nam
5/25/2013,4:10:18 PM,tenetur dolores enim,qui laborum et fuga optio qui accusamus eaque non eum temporibus non facilis sapiente
9/11/2013,1:56:50 AM,voluptatibus aut asperiores,at est excepturi qui voluptas ipsum ratione sit autem tempora sed provident quasi illo expedita harum recusandae
12/29/2013,7:13:22 PM,iusto neque enim,magni nam illum rerum quia ipsam et dolorum officiis consequuntur consequatur perspiciatis voluptatem blanditiis modi animi ab et reiciendis in alias ut et
5/25/2013,4:37:43 AM,quia vitae ratione,praesentium quis doloremque reiciendis unde sunt vel facere et aut consequatur consequatur beatae aut quisquam iusto voluptatum voluptatem necessitatibus aliquam architecto est
3/28/2009,3:43:28 AM,vel accusantium unde,aut quo voluptas est in rerum voluptas quae suscipit dolorem similique sapiente quisquam debitis voluptatem similique qui voluptatem repellendus atque nam assumenda ea
3/11/2014,10:32:27 AM,incidunt minus atque,dolores adipisci nostrum ea vero eos at sequi est dolores iure et ipsum sunt fuga qui dolore accusantium neque ipsam id
5/13/2014,10:09:27 PM,beatae enim vero,est nihil inventore labore quis nostrum fugit accusamus aut placeat et qui dolorem pariatur ab velit sunt autem velit aspernatur doloribus in qui
4/11/2014,12:37:01 PM,eum ratione facere,optio sit qui non accusamus blanditiis distinctio vel qui magnam asperiores magnam accusantium ut saepe atque dignissimos
5/4/2013,9:06:07 PM,qui dolores consequuntur,consequatur enim facilis ullam rem consequatur laborum aut voluptatem voluptatem corporis sit id eos vitae cum voluptates dicta veniam repudiandae eum adipisci explicabo cum maiores quis reprehenderit
3/18/2013,11:33:01 AM,voluptas suscipit quae,quo est rem amet temporibus natus exercitationem sint ad fuga labore commodi perspiciatis occaecati dolor consequatur ipsa consequuntur
8/28/2013,3:16:59 AM,alias odio quaerat,eos quis illo saepe magnam optio temporibus ut dolorem commodi eum et ut asperiores
4/29/2013,6:05:20 AM,et alias earum,recusandae enim distinctio cum saepe consequatur voluptatem sit corrupti maiores voluptatum est ducimus numquam voluptatem quidem possimus
3/24/2013,7:21:06 PM,quis numquam eos,ab at nesciunt totam et similique praesentium nemo temporibus cum dolor voluptates commodi eligendi impedit ullam
6/13/2013,10:49:25 AM,eaque autem est,aut veritatis aut neque molestiae esse id quia debitis veritatis assumenda odio commodi pariatur placeat non molestiae quia
5/4/2013,12:32:25 AM,quidem voluptatum in,magnam nesciunt sit fuga est recusandae sint doloremque maxime nesciunt aliquam ex quos quia voluptatem debitis laboriosam et iure veniam esse
1/11/2013,2:13:24 PM,sed explicabo aspernatur,provident deserunt veritatis est a non saepe et consectetur culpa aliquid adipisci reiciendis non tenetur adipisci tempore autem
7/31/2004,8:30:01 AM,adipisci commodi veniam,eaque dicta numquam non quibusdam inventore ut ea nihil et perspiciatis aut et totam molestiae laborum quaerat deserunt deleniti
11/14/2012,12:49:40 AM,laboriosam aut cupiditate,est deleniti recusandae et quasi eum modi aut ut qui explicabo eos qui nihil rerum
4/3/2013,4:11:57 PM,dolores occaecati et,iste quos aut qui consectetur deleniti commodi voluptate quia rerum animi modi eos amet ab ut non
4/19/2013,4:05:15 PM,magnam incidunt repellat,molestiae aliquid iste id occaecati saepe illo totam quia nihil rerum vel nostrum aspernatur quo
12/21/2014,1:55:08 AM,sint natus minima,qui illo qui vel officia quos sint libero qui recusandae aut
9/9/2012,2:13:39 PM,placeat optio facere,fuga dolores possimus odio nisi ut consequatur esse rem aspernatur laudantium est sed voluptatibus autem reiciendis inventore aspernatur fugit
3/19/2013,10:42:44 AM,eos omnis molestiae,distinctio maxime minima quidem suscipit dolorem autem ut dignissimos error molestiae mollitia porro aliquam ad voluptate
1/1/2014,3:30:08 AM,ipsa sed aut,nulla aliquid aut consequatur aperiam et minus rerum vero non cupiditate est cupiditate iusto iure
7/11/2014,4:33:04 AM,voluptatem velit vitae,voluptatem repudiandae rerum reprehenderit dolore et consequatur velit ad suscipit sed ratione harum eos nam facilis omnis
1/15/2013,6:45:37 AM,odit ut officiis,sunt dolor nostrum est nobis a perspiciatis voluptas suscipit ipsa nisi magni quia nesciunt quibusdam fuga quaerat laborum aut et quis
8/27/2013,1:28:39 PM,odit dignissimos rerum,eaque et quas ipsum quae necessitatibus sit odio voluptatem porro accusamus qui enim error dolore consequatur dolores officia possimus amet animi eos
7/20/2010,1:49:30 AM,voluptatibus minima rerum,dolorem ab architecto et accusamus qui maiores nemo est quo molestias doloribus quia voluptates perspiciatis dolores explicabo officia quas error quidem est quis
6/2/2014,12:46:58 AM,velit aut sapiente,sapiente et nostrum provident consequatur nam sint nam et dolorem sint in consequuntur est temporibus et dignissimos officiis voluptatem itaque veritatis mollitia expedita
3/14/2012,10:40:45 PM,magni nobis et,nesciunt facilis et repudiandae possimus illo corrupti est eligendi debitis voluptatem et ea cupiditate et inventore aut deleniti
5/24/2014,2:37:37 PM,est cupiditate odit,vel molestiae quisquam repellat saepe consequatur magni adipisci et consequatur aperiam nam consequuntur aliquid cum totam asperiores est consectetur
3/21/1993,9:38:40 AM,dolor reprehenderit doloribus,vero sint sit tempore nulla quo et ratione sed fugiat sed accusamus quaerat voluptate enim maxime repellat dolores voluptatum expedita soluta iste quibusdam cum praesentium sequi
9/7/2013,5:18:40 AM,nostrum omnis soluta,voluptas quis vel porro est ratione dolorem sit consequatur in velit distinctio illo animi deserunt
12/11/2013,4:57:13 PM,nam rerum architecto,voluptates maiores sed facere nesciunt aut saepe iure reprehenderit quam quisquam numquam cupiditate autem dolore mollitia in
9/23/2012,12:02:59 AM,voluptatem laboriosam sapiente,mollitia eaque ad voluptatibus aut id rerum itaque ex vel praesentium iure distinctio officia enim minus porro ex voluptatibus fugiat neque est sunt
6/14/2013,2:49:00 AM,rerum aliquam quo,dolorum ut voluptatem corrupti molestias fugiat dolor voluptatem ea sint at commodi quasi cupiditate accusantium odit mollitia velit accusamus vel
9/4/2002,3:16:17 PM,aut consequatur nisi,consequatur cum minus ratione ut eos sit porro aspernatur blanditiis commodi excepturi asperiores sapiente quis vero quod ut eveniet
3/2/2002,7:25:50 AM,qui sunt cumque,nihil quia magnam aut laborum sunt quam dolorem unde ut deserunt quia atque dolore eum maiores et maxime cumque quis nesciunt ut
1/30/2013,1:13:08 PM,est aut nihil,consequatur natus odit rem earum enim sint id alias doloremque sint
6/26/2011,7:26:29 PM,in qui quas,illum nulla corporis voluptatem est aperiam nemo rem modi quisquam est facilis nisi deserunt animi eos qui totam mollitia officia corrupti
9/18/2013,9:58:27 PM,nihil deserunt voluptate,autem in eum laudantium accusamus libero et beatae ut officia sed enim eum adipisci aperiam unde aspernatur voluptas doloremque voluptatem eveniet non quae
2/8/2011,6:20:24 AM,quia qui optio,non quam mollitia voluptates sit autem libero porro autem laudantium blanditiis et ab numquam quibusdam soluta laboriosam dolores illum voluptatem voluptas
5/24/2013,2:19:29 AM,autem rem numquam,aperiam magnam nihil eos nisi illo atque minus omnis et odit qui quod sapiente tempore fuga eaque quisquam et quae fugiat quis aut
3/24/2014,10:41:25 PM,minima voluptas qui,sequi sint sit qui dolorem officiis natus fuga et dolor accusamus
7/12/2010,11:42:02 PM,quos non vitae,quia incidunt hic voluptatum ipsum architecto atque maxime iusto non maxime nemo eum architecto at amet hic voluptatem est velit laboriosam
12/16/2013,11:02:19 AM,veritatis voluptatem et,beatae quae officia sit omnis est et earum accusantium ab doloremque qui ea vel iure delectus aut velit
1/16/2013,11:35:41 AM,sunt laborum minus,consectetur officia nobis voluptates assumenda amet corporis aut aut culpa fuga nihil magni eligendi nisi illo molestiae
11/1/2014,11:41:14 AM,quia et nihil,laboriosam in quibusdam quis dignissimos deserunt maiores voluptatibus aut eos optio laboriosam dignissimos nulla dolores aut
10/17/2014,11:25:56 PM,quidem aspernatur alias,consequatur ad recusandae sed ipsum aliquam et velit et assumenda sint in sit laboriosam
8/27/2013,3:47:58 PM,et ut aperiam,qui in doloremque beatae quos facere voluptatem sed architecto quasi modi laborum aut veritatis ducimus itaque atque molestiae ea dolores necessitatibus
5/22/2014,2:02:13 AM,doloremque aut ipsa,ducimus ut nihil veritatis omnis quis vel aut veniam atque ea vel alias itaque est ut error dolor
6/25/2013,10:31:19 PM,qui quis quo,sed natus est vel magnam ratione voluptatem aperiam delectus commodi sequi est et cum sint sed quis
4/18/2014,12:56:13 PM,non quibusdam ut,aut commodi tempora non expedita qui fuga suscipit ex et sed aspernatur architecto necessitatibus minus et est
7/19/2013,4:59:26 PM,quam nesciunt laborum,voluptatem quibusdam incidunt at perferendis aut fugit debitis magnam rerum fugiat ut omnis reiciendis nobis atque accusamus ut occaecati qui dolor
9/21/2014,2:24:18 PM,ducimus eum consequatur,provident pariatur commodi eaque nam dignissimos ab qui voluptatibus quaerat ipsa dolore sint rem commodi
5/30/2002,4:57:44 AM,perspiciatis nesciunt deserunt,doloribus eligendi aut eius aliquam sed quis fugit quia eum rerum quo ut perspiciatis eius corrupti autem harum dolor in
9/28/2013,2:33:07 AM,suscipit qui ea,inventore asperiores deleniti nihil libero in aut eius harum architecto reiciendis inventore consequatur velit necessitatibus aliquam
7/4/2010,4:42:34 PM,minus rerum voluptas,quia omnis culpa non quod minima ea voluptas sit sint rem harum similique molestiae eos quam consectetur
6/10/2011,11:55:08 AM,perspiciatis incidunt tempora,eius aut dolor sint consectetur rerum ratione repellendus est adipisci consequatur exercitationem numquam neque explicabo iure quia recusandae
6/21/2012,1:23:48 AM,voluptas ex quia,distinctio et doloribus doloremque unde et necessitatibus cumque est accusantium quos consequatur minus repellendus sed et necessitatibus doloremque aspernatur
11/22/2012,11:06:40 AM,eaque nobis sed,maxime reiciendis recusandae animi molestiae eum et sunt aut quia nulla totam velit libero vitae autem voluptates et non id autem
7/1/2013,6:40:36 AM,et sit voluptatem,a distinctio et incidunt aut optio accusamus modi molestiae facere vel mollitia aut ratione hic ea omnis natus est et veniam nostrum
10/22/2014,3:19:20 AM,est id corporis,recusandae blanditiis quia totam ab et nemo incidunt pariatur velit voluptatem qui error praesentium sed in suscipit est consequatur
4/22/2011,10:12:13 AM,qui enim quod,dolores est placeat aperiam porro quis corporis labore est et architecto quia porro quod illum voluptatem voluptate
1/26/2002,5:01:34 AM,aut nulla officiis,facere et iure voluptatum illum quam quaerat est explicabo consequatur ut velit esse rerum odio
11/4/2014,1:16:58 AM,illo qui fuga,odio et velit fugiat cumque mollitia ad nihil vitae porro laudantium illum et dolor tempore perferendis commodi
12/15/2014,6:54:05 AM,aperiam adipisci quia,in sed tenetur et sapiente est laudantium dolores non numquam assumenda impedit
7/1/2014,5:19:00 AM,laudantium omnis unde,sint totam libero assumenda aut dicta magni aut eos vel magnam ut deserunt esse error qui vel
4/12/2010,6:36:22 AM,expedita quidem facilis,velit tempore cumque cum assumenda est similique est assumenda corrupti ut eum ad omnis similique voluptatibus sapiente quo quibusdam nostrum
1/21/2012,2:50:09 PM,in magni commodi,dolorem optio consequatur quia ipsa et sunt quaerat est est reprehenderit eos veritatis quasi et
5/23/2011,4:49:45 PM,neque vel natus,magnam aliquid illo odio asperiores nihil mollitia aut asperiores aut vel repellat impedit veniam eum
2/5/2013,5:24:43 AM,dignissimos quidem voluptatibus,voluptas qui facere corporis molestiae et suscipit ab architecto iusto iste aut nisi impedit est vitae qui minus quaerat velit est
9/22/2014,12:57:43 PM,pariatur similique qui,consequatur rerum earum cum non deserunt ut ipsam hic nihil cum consequatur aut quis vel enim placeat aut cum quae
3/9/2014,3:16:16 PM,consectetur voluptate est,voluptatem aut et vel ratione et tempore voluptatem error itaque quos asperiores temporibus nihil consequatur illum impedit sit earum nulla
5/2/2012,5:57:52 AM,eaque ipsa excepturi,ea vel aut omnis iste ab libero veniam ut ab asperiores velit ratione commodi harum magnam autem delectus sunt repudiandae nostrum in
11/16/2013,9:43:20 AM,voluptas assumenda omnis,nisi modi sint animi est ad veniam odit natus excepturi omnis vero id illo tempora ducimus ut et ex accusantium similique nisi illo eveniet
2/3/2012,9:34:22 PM,reprehenderit quo molestiae,voluptates perferendis magni doloremque aut molestias deserunt est qui omnis distinctio incidunt consequuntur voluptas soluta
11/30/2013,8:00:37 AM,cupiditate nobis est,in soluta a autem quo veritatis ut dolores repellendus qui enim quam esse ad doloremque eius recusandae et
10/16/2013,12:19:31 AM,voluptatum earum aliquam,rem voluptatem provident dicta qui quia quo voluptas repellat culpa corrupti debitis id repellendus qui voluptas
3/19/2013,8:32:54 PM,et vel dolores,aspernatur possimus nemo rem unde qui dolorem ipsum quasi consequuntur nostrum voluptatem molestias eveniet quibusdam blanditiis numquam ut minima
12/6/2014,3:15:10 AM,nemo vel sed,quia vitae numquam at autem vel architecto voluptates fugit nihil iure sed numquam quae eveniet libero adipisci commodi eligendi velit minima
3/8/2013,4:34:06 PM,commodi qui cupiditate,ut id vero delectus odio dolores non tempora nemo consequatur magnam quia voluptas in
12/2/2012,11:06:42 AM,beatae alias qui,autem accusantium quia sed et consequuntur enim quaerat ut doloribus accusamus quas sequi quia deleniti dolor soluta
3/7/2011,12:16:09 PM,cum ad quisquam,et eaque quod molestiae maxime tempora saepe in voluptatem debitis natus laborum commodi reprehenderit optio nulla cum eum quas ipsam esse
7/16/2013,12:50:23 AM,cum repudiandae dolores,ut quae et ea quia eum aut rerum et consequatur hic aliquid expedita est quod vel excepturi
5/27/2009,6:27:13 AM,quaerat et voluptatem,commodi aut et mollitia qui pariatur temporibus temporibus et amet laborum reprehenderit sapiente qui et ipsa cum
12/1/2013,5:34:41 AM,quia suscipit doloremque,laboriosam inventore molestias sit expedita consequatur voluptates distinctio alias et labore et ratione vel ipsam velit voluptatem quod dolorem harum quos ut natus
1/8/2013,2:56:15 AM,non dolore facere,amet dolorem ducimus quos similique in et vero omnis occaecati a tempora iste qui
11/9/2010,5:13:14 PM,sint qui sequi,facilis aut at voluptatibus qui non rerum reiciendis neque nihil odio earum nemo ducimus
2/27/2013,3:12:03 AM,unde facere omnis,consequatur impedit unde sit incidunt quia aut deleniti nihil perferendis necessitatibus minus et nostrum voluptate
11/21/2013,9:28:40 PM,aut in nisi,soluta quae necessitatibus quasi distinctio ut repudiandae consequuntur distinctio velit quam doloremque maxime in et magnam nam modi aut quia impedit
1/8/2010,11:13:12 PM,illum reiciendis deleniti,id perferendis quasi cum quia sint eius laboriosam qui quis praesentium inventore voluptas occaecati magni sapiente autem nostrum et
5/16/2011,11:35:40 AM,quis voluptatem qui,aliquam et rerum ipsam cum fugiat illum et molestias et saepe qui dolorem voluptate asperiores
12/27/2013,1:52:57 AM,eum nihil hic,veritatis iure deleniti asperiores repellat et eum provident eligendi ipsam atque facere voluptatem ullam praesentium incidunt assumenda cumque est dolore
8/31/2013,3:36:56 PM,consectetur et debitis,autem quis reprehenderit esse omnis dolor quisquam repellat mollitia quo omnis autem tenetur eveniet eum
8/8/2014,2:52:41 PM,quos repellat asperiores,quia officia totam voluptas omnis voluptas aliquid unde veritatis unde quia et quis ipsa est ducimus quos
4/30/2009,11:20:55 AM,pariatur vel asperiores,voluptatem provident totam voluptate nisi et est culpa cupiditate ducimus quidem odio quibusdam enim qui consequuntur quos est ut
7/4/2013,2:33:46 AM,omnis fugit est,tenetur assumenda et est provident quis sapiente officiis quidem harum quisquam qui qui enim explicabo laudantium eveniet ut est totam impedit porro assumenda pariatur minima
3/28/2013,6:03:07 AM,laborum dolor qui,magnam iusto nihil quo et voluptatibus dolorum voluptas nam maxime nemo qui expedita numquam perferendis rem voluptate molestiae quaerat id similique atque
12/5/2013,12:07:52 PM,ratione culpa rem,ea sunt ipsa rerum distinctio quos esse rerum quia exercitationem et voluptas reiciendis et veniam corrupti non
10/30/2013,9:49:22 PM,omnis reprehenderit asperiores,esse id voluptate occaecati omnis est officia et et consequatur velit aut et laboriosam dolor nemo praesentium corporis
11/25/1993,12:26:06 AM,nihil velit deserunt,libero ratione veniam molestiae dolores voluptates iusto officia sapiente voluptatem recusandae nesciunt eveniet sint doloribus itaque quasi
8/31/2014,2:52:00 PM,sit necessitatibus quaerat,eaque esse est consequatur cum cupiditate libero dolorem rerum occaecati animi cupiditate mollitia quis debitis animi ex odio ut quidem id veritatis
11/6/2013,2:34:26 PM,in pariatur cumque,dolores praesentium omnis iure eligendi assumenda id velit iusto architecto vitae quo et molestias consequatur hic ut nobis velit
4/24/2013,1:34:44 PM,qui sit vel,sed id et tempora aut voluptate illo quibusdam ea sit est voluptates aliquid recusandae expedita totam deserunt
2/15/2008,10:00:04 PM,quas facilis qui,qui sunt beatae itaque excepturi et id et ipsum alias et et
11/23/2008,12:38:09 PM,voluptatibus aliquam doloribus,suscipit accusamus adipisci consequatur totam enim quia eveniet architecto ipsa quaerat
12/22/2013,8:59:45 AM,eum eum maxime,est sed unde quibusdam non aliquid vel maiores accusamus sequi qui sint harum consequatur sed earum ratione officiis et quidem dolorem aspernatur
3/25/2013,1:33:32 PM,sit rerum at,necessitatibus voluptas numquam accusamus corrupti itaque alias error nostrum culpa doloribus qui
5/13/2014,9:13:14 PM,id aut mollitia,suscipit fugit error aut maxime repellat voluptas ipsum suscipit natus sint amet placeat optio temporibus fugit quisquam rem molestias
11/4/2011,9:45:01 PM,beatae quis at,sunt ut commodi sed impedit totam doloribus id distinctio architecto facilis sed numquam doloribus dolorem soluta et quod repudiandae dicta debitis
1/4/1993,11:10:50 AM,repudiandae enim cupiditate,veritatis asperiores dolorum aut harum debitis odio sed perferendis nobis quisquam quaerat reprehenderit aliquid omnis et soluta
9/30/2011,3:32:09 AM,natus sed rerum,possimus praesentium quas et omnis enim nihil praesentium inventore quis occaecati qui id libero non ratione quaerat error
5/4/2013,8:05:24 AM,repellat est et,odit sit sed exercitationem ipsam accusamus est voluptatum eius aut ipsa assumenda quod possimus sint facere autem
9/4/2013,8:45:42 PM,vel voluptates numquam,ipsum facilis nulla commodi amet rerum iste adipisci consequuntur molestiae consequatur ratione enim aut sunt ea tenetur aut voluptate est
4/15/2012,5:35:34 PM,voluptas cum velit,dolores et unde dolore ea vel saepe ut est voluptas est nihil est numquam voluptate autem
6/4/2011,4:58:20 PM,non et neque,adipisci ea possimus et consequatur occaecati accusantium ad enim nihil facere veritatis velit perferendis aut suscipit saepe alias voluptas nihil
1/3/2012,9:37:20 PM,molestias et consequatur,enim placeat officia cumque nobis nemo aut dolorem debitis saepe eius possimus neque libero exercitationem labore itaque saepe accusantium tempore et
4/18/2013,5:56:27 PM,aut suscipit iste,saepe ratione quo quia maiores cupiditate deleniti necessitatibus culpa enim nesciunt maxime et consectetur similique sapiente enim
3/16/2013,11:55:42 PM,velit occaecati est,odit et rerum nulla quis qui omnis iste repellat et architecto ex pariatur incidunt error sunt
2/3/2013,3:42:41 PM,fugit dolor facilis,maxime cupiditate totam voluptatum et eius dolore fugiat facere nisi ab aut perspiciatis quaerat sit facere dolorem labore velit asperiores
6/15/2014,6:00:21 AM,provident iste soluta,magni aspernatur sed quo quis eius eligendi voluptatem quas placeat dicta et nesciunt consequatur similique
7/5/2002,3:18:31 PM,maxime animi vero,provident molestiae vitae enim non est culpa totam voluptas quisquam ut praesentium itaque quae et consequatur voluptate occaecati iure
8/4/2013,11:51:18 AM,neque nihil harum,quaerat cum non quia nisi velit est et sed reprehenderit voluptas voluptatem tempore eum facere sunt aperiam id aut laboriosam
3/15/2011,4:18:21 AM,facere dolore vel,libero dolore consectetur ipsum in error cumque qui unde in eaque voluptate
6/28/2014,8:43:20 AM,qui cum nisi,laborum dolor voluptatem illo dicta culpa aut eaque autem alias sed
10/22/2013,10:30:19 AM,et eos ad,aliquid quod cumque nihil enim rerum pariatur eaque ut quis fuga eum blanditiis quis illum deleniti cumque quam earum quia et unde sint rerum
3/6/2013,3:56:43 PM,pariatur modi ipsa,repudiandae deserunt et id voluptas sed repellendus perferendis ea doloribus qui et et corporis rerum quae fugit ratione consectetur
8/1/2009,2:25:45 AM,sapiente non exercitationem,vero tenetur cumque asperiores quod quo temporibus illo nisi excepturi ut provident ea eum sit quia
6/14/2012,10:17:44 PM,atque odio debitis,totam ipsa in minus est qui omnis id qui autem sed et amet qui voluptatibus
9/21/2013,10:54:52 PM,quis dolorem in,dolor possimus molestiae corrupti praesentium numquam sequi veniam ea consequatur eos ea nihil ut repudiandae
1/7/2014,10:37:22 PM,perferendis culpa ex,minus beatae magnam optio in similique fugit at quod in sit distinctio rerum porro
2/4/2013,3:10:04 AM,sint quos beatae,molestias nostrum aperiam reprehenderit similique rem reiciendis asperiores vitae atque eos dolores quo autem harum sit dolorum porro repudiandae ab qui
9/25/2013,2:42:20 PM,quo suscipit ut,et aut voluptate id tenetur alias inventore in atque libero porro ducimus et quae maxime assumenda sit
10/17/2013,11:06:41 AM,explicabo ad aut,qui esse qui praesentium et dolore incidunt cum et quia et quam veniam
12/17/2013,2:29:35 AM,sunt enim corrupti,enim quibusdam consequatur delectus laudantium tempora dolore et autem quia repellat minus explicabo eum itaque sed asperiores velit
1/18/2014,10:56:26 AM,animi amet ipsa,fugiat eum ut velit et totam porro delectus unde tenetur eum omnis nesciunt velit est nostrum
12/13/2011,7:30:02 PM,expedita libero impedit,sint iure architecto vel vero quo perspiciatis temporibus quia deserunt assumenda fuga rem vel tenetur illo nulla et minima ea similique
2/14/2013,3:32:49 AM,rem quia voluptas,alias modi maiores non repudiandae repellat cum occaecati ratione excepturi voluptatum pariatur libero rerum eum consequatur nemo sed ut voluptas ex non
12/2/2008,6:54:28 PM,aut repudiandae nisi,aut et sapiente aut nam quis eum blanditiis sapiente voluptatibus qui ipsam voluptatem rerum sunt voluptas temporibus voluptate magnam aut
4/25/2010,3:49:51 PM,qui laboriosam dolorem,delectus eos commodi voluptate numquam eum placeat nihil unde illo quia totam amet quia rerum aut quis fugiat distinctio blanditiis iste aut eveniet sequi molestias
2/5/2013,5:18:11 PM,error et sequi,odio aut eveniet porro sint impedit quaerat quo id qui ea quae dolor non rem quia debitis
9/11/2013,12:05:55 PM,est suscipit consequuntur,voluptas occaecati aut omnis repellat dolorem libero minima quasi corrupti eum itaque voluptatem commodi tempora dolor
3/31/2011,4:45:44 AM,vel aut perferendis,aut ipsam fuga ut necessitatibus temporibus qui quis enim eligendi placeat voluptatibus distinctio numquam impedit
6/18/2013,9:54:24 PM,necessitatibus accusantium ut,architecto a deleniti fugiat voluptas quia dolorum nihil rerum velit voluptatem ratione voluptatem recusandae ut et sit
3/30/2014,1:09:04 PM,ut occaecati sed,eum blanditiis excepturi ea qui harum recusandae veritatis suscipit id architecto fugit a molestias
4/4/2012,11:19:19 PM,ducimus sunt incidunt,eligendi voluptatem numquam in sit quasi nulla autem nihil quo id veritatis culpa
12/14/2013,10:10:05 PM,et explicabo reiciendis,accusantium et ducimus et eos nulla voluptates maiores asperiores et quasi voluptatem aperiam placeat doloremque totam necessitatibus eos consequuntur quia
2/11/2014,6:08:27 AM,vero et cum,rerum id facere officiis excepturi eius numquam sapiente nostrum architecto soluta eum vitae excepturi vel officiis harum ex doloribus
3/30/2012,10:43:58 AM,eos laudantium at,similique et dolor eos id ut et voluptas et voluptatem ea voluptate est rerum voluptatem harum exercitationem consequatur sunt
8/11/2014,3:28:26 AM,reprehenderit sit voluptates,voluptatem qui delectus voluptate cumque nihil consequuntur qui quam occaecati veniam voluptas quia ea nobis
4/15/2014,7:03:57 PM,omnis et ipsum,adipisci beatae numquam quia veritatis et ducimus quos id voluptatum ipsam aut excepturi voluptatibus quae voluptatem adipisci quos fugiat qui
8/6/2013,11:12:06 AM,voluptatibus minima voluptas,corporis expedita et sed esse dolores laudantium voluptas sunt et aut illo ad eos sapiente architecto libero
3/12/2013,10:14:30 AM,et ad officia,dolores est placeat dolorum est aspernatur sint temporibus similique qui perspiciatis suscipit est et non amet eos
4/6/2013,4:21:46 AM,delectus asperiores magni,fuga quis necessitatibus dolore iusto aliquid velit asperiores soluta est eaque quia veniam et et
1/16/2013,5:33:08 PM,nihil voluptas soluta,commodi nostrum aut cum occaecati pariatur et sapiente ut ab nisi consequuntur suscipit esse libero rem qui consequatur provident laboriosam suscipit eius
8/16/2014,12:32:48 AM,et et accusantium,consectetur aut qui doloremque et accusamus rem repellat architecto nemo recusandae necessitatibus fugit pariatur ab perspiciatis et sit
4/5/2013,12:38:00 PM,ea voluptatem vero,sed dolorem autem libero et eius quia nostrum culpa tenetur error est sed nam quis velit
3/18/2013,12:33:04 AM,vel at placeat,molestiae quisquam non blanditiis quod minus iusto eligendi optio perspiciatis dolore ex error hic eos delectus atque temporibus officia quas voluptatem
1/21/2013,7:11:07 AM,laborum nihil nobis,maiores vero iusto distinctio autem repellendus sequi vel placeat et similique nesciunt delectus consequatur praesentium natus provident voluptatum molestiae non ut doloribus eos
3/25/2013,1:05:57 PM,quisquam ut nemo,sunt aut quis quidem qui quis aliquid itaque nesciunt eum impedit magnam qui animi quam culpa modi minus quasi non quia minima molestiae
3/14/2011,10:25:46 AM,quaerat eum ratione,distinctio quo ipsa omnis maiores hic voluptas itaque sint qui totam sunt sequi eum at non voluptas
8/22/2013,3:32:28 PM,dolorem ipsa unde,tenetur beatae molestiae sit accusantium molestiae incidunt ullam sit inventore ipsam quos eius quas possimus sint
1/18/2013,6:54:25 PM,necessitatibus et ipsam,dolorum et amet dicta perferendis id quis omnis fugiat ducimus esse optio tenetur qui possimus voluptates qui tenetur perferendis dignissimos ipsam
10/19/2013,2:45:11 AM,maiores voluptatem ipsum,vel est officia ex eligendi earum ullam quibusdam nisi eum molestiae ut temporibus nostrum ut provident inventore error
11/12/2014,6:53:20 AM,minima est sapiente,esse tempora dolor enim dolore provident quia at eum aut optio omnis harum voluptatibus earum ut rem eveniet quas
8/29/2012,1:49:12 AM,minus voluptatem dolorem,neque adipisci quis nisi tempore dolores qui suscipit harum rem magnam ut voluptatem in corporis consequuntur debitis autem veniam architecto quo repellat molestiae
1/2/2013,2:10:14 AM,aut inventore omnis,est quos aspernatur eveniet numquam vel odio in ipsam illum qui hic numquam ipsa quas laborum nulla in
12/26/2013,12:14:02 AM,ab error eum,voluptatem magni ea aut totam atque voluptatibus ea occaecati veritatis
12/19/2009,5:50:38 PM,dolore dolores at,iusto et aspernatur est sed id voluptatem eos ab autem cum ut sed molestias magni at et et totam impedit facilis occaecati
1/27/2014,3:00:15 AM,sunt et quis,ipsa sunt velit iusto vel rerum dolores eligendi sunt quam libero voluptatem deleniti distinctio eaque minus fugiat
12/13/2010,5:22:29 AM,qui ex explicabo,laudantium quos incidunt aut quia nostrum et repellendus optio non architecto fuga odit sed est
7/9/2010,8:53:52 PM,mollitia aut molestiae,illo porro veniam et quaerat et omnis nihil officiis dolores id inventore dolor enim accusantium velit adipisci nisi debitis optio natus quidem molestiae voluptates
3/24/2013,3:32:30 AM,facere iusto quam,blanditiis officiis et nisi praesentium autem est inventore eaque et perspiciatis id ut dignissimos inventore harum molestias voluptatem quasi
7/26/2002,1:34:30 PM,non repudiandae fuga,blanditiis doloribus tenetur molestias fugit quam quas beatae excepturi sint est laudantium excepturi voluptatem voluptas suscipit
10/6/2013,10:21:04 PM,sunt earum consequuntur,quasi qui consequuntur corrupti cumque dolores voluptate laboriosam aut libero ullam perspiciatis quasi in et ipsa commodi at ratione omnis
12/16/2014,11:34:00 PM,et ipsum doloribus,eum et ad modi fugit recusandae non distinctio quisquam quia veniam illum cupiditate consequatur dolorem officiis
9/27/2014,7:17:42 AM,rerum illum modi,est et accusantium sit incidunt modi dolores rerum enim nostrum quae similique rerum vero repellendus necessitatibus aut quia eum harum culpa illo voluptates quaerat ducimus eveniet sunt
6/26/2008,11:39:35 PM,cum sit occaecati,omnis est libero quae voluptas voluptatem quo tempora consequatur ex error eos necessitatibus porro
11/1/2013,4:42:01 AM,animi voluptatem ea,autem culpa aut minus ipsa aliquid sit quis sint officia ab amet tempora et et et
9/19/2013,6:36:24 AM,veritatis exercitationem quidem,accusantium minus deleniti quibusdam qui qui ea eius ad voluptas eveniet incidunt qui
7/20/2013,4:50:41 AM,ut facere amet,voluptas eum quia quia fugit autem expedita eum minima iure qui incidunt quia assumenda autem vel
12/18/2002,1:11:13 PM,ut maiores iste,porro quisquam qui quas molestiae quaerat ut officiis consequatur corrupti et deserunt sed temporibus ea veniam rerum mollitia ut in unde
9/5/2009,2:42:18 PM,repellendus eveniet dolor,qui qui sit occaecati quisquam eius amet nemo nesciunt excepturi officiis sit explicabo quas unde natus recusandae dolorem iste qui
11/12/2013,9:06:59 AM,ipsam expedita nihil,quidem qui iste laudantium est dolor magni sit perspiciatis enim facere nostrum veritatis laboriosam voluptas sint architecto suscipit repudiandae dignissimos consequatur
4/16/2010,10:49:26 PM,ratione voluptatem pariatur,omnis expedita ipsa sapiente et enim voluptas et id ea minima voluptas dolorem adipisci voluptas qui suscipit enim quia et non nobis atque voluptas
10/3/2013,1:28:39 AM,est neque ut,fugiat velit eius ut optio quia aliquam et sit in consectetur hic voluptas sint eius molestias labore quasi voluptatum est et hic unde
3/16/2011,7:51:12 AM,et possimus officia,provident dolor qui sapiente ex ut fuga est et perspiciatis et id recusandae
9/12/2012,10:24:43 PM,dolor velit eligendi,dignissimos dolores omnis rerum ex nam necessitatibus cupiditate placeat ad omnis vero temporibus ipsum atque fuga et
7/10/2014,11:30:08 AM,inventore tempora laborum,illo atque similique in doloremque quo perferendis suscipit earum esse nihil veritatis doloremque id sed vitae sunt itaque laudantium et
7/13/2013,2:52:57 AM,ex aliquam aspernatur,veniam enim fugit excepturi voluptate impedit voluptatem beatae quia saepe eius iusto occaecati quas est reiciendis vel nihil et
4/8/2013,1:04:48 AM,cupiditate sunt aut,sit dolor veniam libero facere aspernatur officiis omnis unde hic voluptates culpa quam blanditiis est quos qui
3/5/2013,11:00:31 AM,autem aliquid quam,expedita nulla saepe ut maxime in placeat neque qui commodi ut animi doloribus iusto vel vitae et
4/21/2013,3:39:00 AM,expedita dolores et,consequatur quaerat neque impedit laudantium nihil animi mollitia autem sapiente magni ullam ut quam saepe explicabo reiciendis aut et
10/7/2013,3:43:05 PM,sunt assumenda est,eos accusamus aliquid est itaque beatae consequatur inventore sint et omnis aut expedita in quia consectetur recusandae itaque et molestiae voluptatem doloremque adipisci
2/23/2014,12:10:12 PM,ea et perspiciatis,beatae aspernatur ut at earum quidem optio labore tenetur praesentium aut corrupti et illum eum
9/11/2012,4:04:09 AM,consequatur vel voluptas,laudantium fuga sed ullam corrupti culpa officiis delectus consequatur asperiores provident voluptatem non
7/18/2013,6:13:46 PM,tenetur sequi eum,non vel accusantium amet perferendis velit cupiditate nostrum velit odio sunt reprehenderit quos atque est ad